day,location,Bad-Weather_today
4,lebl,0
4,lirf,0
4,omdb,0
4,eham,0
4,ukbb,0
4,ltfm,0
4,eddm,0
4,haab,0
4,lszh,0
4,epwa,0
4,egll,0
4,lfpg,0
4,lkpr,0
4,gmmx,0
4,gmmn,0
4,zspd,0
4,vhhh,0
4,ugtb,0
4,lcph,0
4,lrop,0
4,ltfj,0
4,ltba,0
4,ller,0
4,kewr,0
4,lgts,0
4,epkk,0
4,lhbp,0
4,loww,0
4,cyyz,0
4,heca,0
4,lime,0
4,ltai,0
4,ubbb,0
4,limc,0
4,lbsf,0
4,omaa,0
4,eblg,0
4,lsgg,0
4,eddb,0
4,lfsb,0
4,lgav,0
4,lfpo,0
4,liph,0
4,ugsb,0
4,edsb,0
4,umms,1
4,lhdc,0
4,kord,0
4,lemd,0
4,ebbr,0
4,katl,0
4,eddf,0
4,uudd,1
4,lukk,0
4,lfll,0
4,limf,0
4,kjfk,0
4,uuee,1
4,eyvi,0
4,eggw,0
4,epmo,0
4,libd,0
4,egkk,0
4,urkk,0
4,eppo,0
4,lclk,0
4,lppt,0
4,udyz,0
4,ukoo,0
4,lbwn,0
4,vtsp,0
4,kmia,0
4,eddp,0
4,obbi,0
4,lirn,0
4,ebci,0
4,klax,0
4,ksfo,0
4,egcc,0
4,fsia,0
4,ukhh,0
4,ulli,1
4,engm,0
4,evra,0
4,uttt,0
4,lfml,0
4,lfmn,0
4,vidp,0
4,ukdd,0
4,kteb,0
4,eddk,0
4,vabb,0
4,vtbs,0
4,lipe,0
4,lmml,0
4,lfls,0
4,ltbj,0
4,efkt,0
4,ojai,0
4,egss,0
4,uaaa,0
4,,0
4,zggg,0
4,uuww,1
4,egkb,0
4,lrcl,0
4,lria,0
4,urrp,0
4,omdw,0
4,ukde,1
4,llbg,0
5,lebl,0
5,lirf,0
5,omdb,0
5,eham,0
5,ukbb,0
5,ltfm,0
5,eddm,0
5,haab,0
5,lszh,0
5,epwa,0
5,egll,0
5,lfpg,0
5,lkpr,0
5,gmmx,0
5,gmmn,0
5,zspd,0
5,vhhh,0
5,ugtb,0
5,lcph,0
5,lrop,0
5,ltfj,0
5,ltba,0
5,ller,0
5,kewr,0
5,lgts,0
5,epkk,0
5,lhbp,0
5,loww,0
5,cyyz,0
5,heca,0
5,lime,0
5,ltai,0
5,ubbb,0
5,limc,0
5,lbsf,0
5,omaa,0
5,eblg,0
5,lsgg,1
5,eddb,0
5,lfsb,0
5,lgav,0
5,lfpo,0
5,liph,0
5,ugsb,0
5,edsb,0
5,umms,1
5,lhdc,0
5,kord,0
5,lemd,0
5,ebbr,0
5,katl,0
5,eddf,0
5,uudd,1
5,lukk,0
5,lfll,0
5,limf,0
5,kjfk,0
5,uuee,1
5,eyvi,1
5,eggw,0
5,epmo,0
5,libd,0
5,egkk,0
5,urkk,0
5,eppo,0
5,lclk,0
5,lppt,0
5,udyz,0
5,ukoo,0
5,lbwn,0
5,vtsp,0
5,kmia,0
5,eddp,0
5,obbi,0
5,lirn,0
5,ebci,0
5,klax,0
5,ksfo,0
5,egcc,0
5,fsia,0
5,ukhh,0
5,ulli,0
5,engm,0
5,evra,0
5,uttt,0
5,lfml,0
5,lfmn,0
5,vidp,0
5,ukdd,0
5,kteb,0
5,eddk,0
5,vabb,0
5,vtbs,0
5,lipe,0
5,lmml,0
5,lfls,0
5,ltbj,0
5,efkt,1
5,ojai,0
5,egss,0
5,uaaa,0
5,,0
5,zggg,0
5,uuww,1
5,egkb,0
5,lrcl,0
5,lria,0
5,urrp,0
5,omdw,0
5,ukde,0
5,llbg,0
6,lebl,0
6,lirf,0
6,omdb,0
6,eham,0
6,ukbb,1
6,ltfm,0
6,eddm,0
6,haab,0
6,lszh,0
6,epwa,0
6,egll,0
6,lfpg,0
6,lkpr,0
6,gmmx,0
6,gmmn,0
6,zspd,0
6,vhhh,0
6,ugtb,0
6,lcph,0
6,lrop,0
6,ltfj,0
6,ltba,0
6,ller,0
6,kewr,0
6,lgts,0
6,epkk,0
6,lhbp,0
6,loww,0
6,cyyz,1
6,heca,0
6,lime,0
6,ltai,0
6,ubbb,0
6,limc,0
6,lbsf,0
6,omaa,0
6,eblg,0
6,lsgg,0
6,eddb,0
6,lfsb,0
6,lgav,0
6,lfpo,0
6,liph,0
6,ugsb,0
6,edsb,0
6,umms,1
6,lhdc,0
6,kord,0
6,lemd,0
6,ebbr,0
6,katl,0
6,eddf,0
6,uudd,0
6,lukk,0
6,lfll,0
6,limf,0
6,kjfk,0
6,uuee,1
6,eyvi,0
6,eggw,0
6,epmo,0
6,libd,0
6,egkk,0
6,urkk,0
6,eppo,0
6,lclk,0
6,lppt,0
6,udyz,0
6,ukoo,0
6,lbwn,0
6,vtsp,0
6,kmia,0
6,eddp,0
6,obbi,0
6,lirn,0
6,ebci,0
6,klax,0
6,ksfo,0
6,egcc,0
6,fsia,0
6,ukhh,0
6,ulli,0
6,engm,1
6,evra,0
6,uttt,0
6,lfml,0
6,lfmn,0
6,vidp,0
6,ukdd,0
6,kteb,0
6,eddk,0
6,vabb,0
6,vtbs,0
6,lipe,0
6,lmml,0
6,lfls,0
6,ltbj,0
6,efkt,1
6,ojai,0
6,egss,0
6,uaaa,0
6,,0
6,zggg,0
6,uuww,0
6,egkb,0
6,lrcl,0
6,lria,0
6,urrp,0
6,omdw,0
6,ukde,0
6,llbg,0
7,lebl,0
7,lirf,0
7,omdb,0
7,eham,0
7,ukbb,0
7,ltfm,0
7,eddm,0
7,haab,0
7,lszh,0
7,epwa,0
7,egll,0
7,lfpg,0
7,lkpr,0
7,gmmx,0
7,gmmn,0
7,zspd,0
7,vhhh,0
7,ugtb,0
7,lcph,0
7,lrop,0
7,ltfj,0
7,ltba,0
7,ller,0
7,kewr,0
7,lgts,0
7,epkk,0
7,lhbp,0
7,loww,0
7,cyyz,1
7,heca,0
7,lime,0
7,ltai,0
7,ubbb,0
7,limc,0
7,lbsf,0
7,omaa,0
7,eblg,0
7,lsgg,0
7,eddb,0
7,lfsb,0
7,lgav,0
7,lfpo,0
7,liph,0
7,ugsb,0
7,edsb,0
7,umms,0
7,lhdc,0
7,kord,0
7,lemd,0
7,ebbr,0
7,katl,0
7,eddf,0
7,uudd,1
7,lukk,0
7,lfll,0
7,limf,0
7,kjfk,0
7,uuee,1
7,eyvi,0
7,eggw,0
7,epmo,0
7,libd,0
7,egkk,0
7,urkk,0
7,eppo,0
7,lclk,0
7,lppt,0
7,udyz,0
7,ukoo,0
7,lbwn,0
7,vtsp,0
7,kmia,0
7,eddp,0
7,obbi,0
7,lirn,0
7,ebci,0
7,klax,0
7,ksfo,0
7,egcc,0
7,fsia,0
7,ukhh,0
7,ulli,0
7,engm,0
7,evra,0
7,uttt,0
7,lfml,0
7,lfmn,0
7,vidp,0
7,ukdd,0
7,kteb,0
7,eddk,0
7,vabb,0
7,vtbs,0
7,lipe,0
7,lmml,0
7,lfls,0
7,ltbj,0
7,efkt,1
7,ojai,0
7,egss,0
7,uaaa,0
7,,0
7,zggg,0
7,uuww,1
7,egkb,0
7,lrcl,0
7,lria,0
7,urrp,0
7,omdw,0
7,ukde,0
7,llbg,0
8,lebl,0
8,lirf,0
8,omdb,0
8,eham,0
8,ukbb,0
8,ltfm,0
8,eddm,0
8,haab,0
8,lszh,0
8,epwa,0
8,egll,0
8,lfpg,0
8,lkpr,0
8,gmmx,0
8,gmmn,0
8,zspd,0
8,vhhh,0
8,ugtb,0
8,lcph,0
8,lrop,0
8,ltfj,0
8,ltba,0
8,ller,0
8,kewr,0
8,lgts,0
8,epkk,0
8,lhbp,0
8,loww,0
8,cyyz,0
8,heca,0
8,lime,0
8,ltai,0
8,ubbb,0
8,limc,0
8,lbsf,0
8,omaa,0
8,eblg,0
8,lsgg,0
8,eddb,0
8,lfsb,0
8,lgav,0
8,lfpo,0
8,liph,0
8,ugsb,0
8,edsb,0
8,umms,0
8,lhdc,0
8,kord,0
8,lemd,0
8,ebbr,0
8,katl,0
8,eddf,0
8,uudd,1
8,lukk,0
8,lfll,0
8,limf,0
8,kjfk,0
8,uuee,0
8,eyvi,0
8,eggw,0
8,epmo,0
8,libd,0
8,egkk,0
8,urkk,0
8,eppo,0
8,lclk,0
8,lppt,0
8,udyz,0
8,ukoo,0
8,lbwn,0
8,vtsp,0
8,kmia,0
8,eddp,0
8,obbi,0
8,lirn,0
8,ebci,0
8,klax,0
8,ksfo,0
8,egcc,0
8,fsia,0
8,ukhh,0
8,ulli,0
8,engm,0
8,evra,0
8,uttt,0
8,lfml,0
8,lfmn,0
8,vidp,0
8,ukdd,0
8,kteb,0
8,eddk,0
8,vabb,0
8,vtbs,0
8,lipe,0
8,lmml,0
8,lfls,0
8,ltbj,0
8,efkt,1
8,ojai,0
8,egss,0
8,uaaa,0
8,,0
8,zggg,0
8,uuww,1
8,egkb,0
8,lrcl,0
8,lria,0
8,urrp,0
8,omdw,0
8,ukde,0
8,llbg,0
9,lebl,0
9,lirf,0
9,omdb,0
9,eham,0
9,ukbb,0
9,ltfm,0
9,eddm,0
9,haab,0
9,lszh,0
9,epwa,0
9,egll,0
9,lfpg,0
9,lkpr,0
9,gmmx,0
9,gmmn,0
9,zspd,0
9,vhhh,0
9,ugtb,0
9,lcph,0
9,lrop,0
9,ltfj,0
9,ltba,0
9,ller,0
9,kewr,0
9,lgts,0
9,epkk,0
9,lhbp,0
9,loww,0
9,cyyz,0
9,heca,0
9,lime,0
9,ltai,0
9,ubbb,0
9,limc,0
9,lbsf,0
9,omaa,0
9,eblg,0
9,lsgg,0
9,eddb,0
9,lfsb,0
9,lgav,0
9,lfpo,0
9,liph,0
9,ugsb,0
9,edsb,0
9,umms,0
9,lhdc,0
9,kord,0
9,lemd,0
9,ebbr,0
9,katl,0
9,eddf,0
9,uudd,1
9,lukk,0
9,lfll,0
9,limf,0
9,kjfk,0
9,uuee,0
9,eyvi,0
9,eggw,0
9,epmo,0
9,libd,0
9,egkk,0
9,urkk,0
9,eppo,0
9,lclk,0
9,lppt,0
9,udyz,0
9,ukoo,0
9,lbwn,0
9,vtsp,0
9,kmia,0
9,eddp,0
9,obbi,0
9,lirn,0
9,ebci,0
9,klax,0
9,ksfo,0
9,egcc,0
9,fsia,0
9,ukhh,0
9,ulli,0
9,engm,1
9,evra,0
9,uttt,0
9,lfml,0
9,lfmn,0
9,vidp,0
9,ukdd,0
9,kteb,0
9,eddk,0
9,vabb,0
9,vtbs,0
9,lipe,0
9,lmml,0
9,lfls,0
9,ltbj,0
9,efkt,1
9,ojai,0
9,egss,0
9,uaaa,1
9,,0
9,zggg,0
9,uuww,1
9,egkb,0
9,lrcl,0
9,lria,0
9,urrp,0
9,omdw,0
9,ukde,0
9,llbg,0
10,lebl,0
10,lirf,0
10,omdb,0
10,eham,0
10,ukbb,0
10,ltfm,0
10,eddm,0
10,haab,0
10,lszh,0
10,epwa,0
10,egll,0
10,lfpg,0
10,lkpr,0
10,gmmx,0
10,gmmn,0
10,zspd,0
10,vhhh,0
10,ugtb,0
10,lcph,0
10,lrop,0
10,ltfj,0
10,ltba,0
10,ller,0
10,kewr,0
10,lgts,0
10,epkk,0
10,lhbp,0
10,loww,0
10,cyyz,0
10,heca,0
10,lime,0
10,ltai,0
10,ubbb,0
10,limc,0
10,lbsf,0
10,omaa,0
10,eblg,0
10,lsgg,0
10,eddb,0
10,lfsb,0
10,lgav,0
10,lfpo,0
10,liph,0
10,ugsb,0
10,edsb,0
10,umms,0
10,lhdc,0
10,kord,0
10,lemd,0
10,ebbr,0
10,katl,0
10,eddf,0
10,uudd,0
10,lukk,0
10,lfll,0
10,limf,0
10,kjfk,0
10,uuee,0
10,eyvi,0
10,eggw,0
10,epmo,0
10,libd,0
10,egkk,0
10,urkk,0
10,eppo,0
10,lclk,0
10,lppt,0
10,udyz,0
10,ukoo,0
10,lbwn,0
10,vtsp,0
10,kmia,0
10,eddp,0
10,obbi,0
10,lirn,0
10,ebci,0
10,klax,0
10,ksfo,0
10,egcc,0
10,fsia,0
10,ukhh,0
10,ulli,0
10,engm,0
10,evra,0
10,uttt,0
10,lfml,0
10,lfmn,0
10,vidp,0
10,ukdd,0
10,kteb,0
10,eddk,0
10,vabb,0
10,vtbs,0
10,lipe,0
10,lmml,0
10,lfls,0
10,ltbj,0
10,efkt,1
10,ojai,0
10,egss,0
10,uaaa,0
10,,0
10,zggg,0
10,uuww,0
10,egkb,0
10,lrcl,0
10,lria,0
10,urrp,0
10,omdw,0
10,ukde,0
10,llbg,0
11,lebl,0
11,lirf,0
11,omdb,0
11,eham,0
11,ukbb,0
11,ltfm,0
11,eddm,0
11,haab,0
11,lszh,0
11,epwa,0
11,egll,0
11,lfpg,0
11,lkpr,0
11,gmmx,0
11,gmmn,0
11,zspd,0
11,vhhh,0
11,ugtb,0
11,lcph,0
11,lrop,0
11,ltfj,0
11,ltba,0
11,ller,0
11,kewr,0
11,lgts,0
11,epkk,0
11,lhbp,0
11,loww,0
11,cyyz,0
11,heca,0
11,lime,0
11,ltai,0
11,ubbb,0
11,limc,0
11,lbsf,0
11,omaa,0
11,eblg,0
11,lsgg,0
11,eddb,0
11,lfsb,0
11,lgav,0
11,lfpo,0
11,liph,0
11,ugsb,0
11,edsb,0
11,umms,0
11,lhdc,0
11,kord,0
11,lemd,0
11,ebbr,0
11,katl,0
11,eddf,0
11,uudd,0
11,lukk,0
11,lfll,0
11,limf,0
11,kjfk,0
11,uuee,0
11,eyvi,0
11,eggw,0
11,epmo,0
11,libd,0
11,egkk,0
11,urkk,0
11,eppo,0
11,lclk,0
11,lppt,0
11,udyz,0
11,ukoo,0
11,lbwn,0
11,vtsp,0
11,kmia,0
11,eddp,0
11,obbi,0
11,lirn,0
11,ebci,0
11,klax,0
11,ksfo,0
11,egcc,0
11,fsia,0
11,ukhh,0
11,ulli,1
11,engm,0
11,evra,0
11,uttt,0
11,lfml,0
11,lfmn,0
11,vidp,0
11,ukdd,0
11,kteb,0
11,eddk,0
11,vabb,0
11,vtbs,0
11,lipe,0
11,lmml,0
11,lfls,0
11,ltbj,0
11,efkt,1
11,ojai,0
11,egss,0
11,uaaa,0
11,,0
11,zggg,0
11,uuww,0
11,egkb,0
11,lrcl,0
11,lria,0
11,urrp,0
11,omdw,0
11,ukde,0
11,llbg,0
12,lebl,0
12,lirf,0
12,omdb,0
12,eham,0
12,ukbb,0
12,ltfm,0
12,eddm,0
12,haab,0
12,lszh,0
12,epwa,0
12,egll,0
12,lfpg,0
12,lkpr,0
12,gmmx,0
12,gmmn,0
12,zspd,0
12,vhhh,0
12,ugtb,0
12,lcph,0
12,lrop,0
12,ltfj,0
12,ltba,0
12,ller,0
12,kewr,0
12,lgts,0
12,epkk,0
12,lhbp,0
12,loww,0
12,cyyz,0
12,heca,0
12,lime,0
12,ltai,0
12,ubbb,0
12,limc,0
12,lbsf,0
12,omaa,0
12,eblg,0
12,lsgg,0
12,eddb,0
12,lfsb,0
12,lgav,0
12,lfpo,0
12,liph,0
12,ugsb,0
12,edsb,0
12,umms,0
12,lhdc,0
12,kord,0
12,lemd,0
12,ebbr,0
12,katl,0
12,eddf,0
12,uudd,0
12,lukk,0
12,lfll,0
12,limf,0
12,kjfk,0
12,uuee,0
12,eyvi,0
12,eggw,0
12,epmo,0
12,libd,0
12,egkk,0
12,urkk,0
12,eppo,0
12,lclk,0
12,lppt,0
12,udyz,0
12,ukoo,0
12,lbwn,0
12,vtsp,0
12,kmia,0
12,eddp,0
12,obbi,0
12,lirn,0
12,ebci,0
12,klax,0
12,ksfo,0
12,egcc,0
12,fsia,0
12,ukhh,0
12,ulli,1
12,engm,0
12,evra,0
12,uttt,0
12,lfml,0
12,lfmn,0
12,vidp,0
12,ukdd,0
12,kteb,0
12,eddk,0
12,vabb,0
12,vtbs,0
12,lipe,0
12,lmml,0
12,lfls,0
12,ltbj,0
12,efkt,1
12,ojai,0
12,egss,0
12,uaaa,0
12,,0
12,zggg,0
12,uuww,0
12,egkb,0
12,lrcl,0
12,lria,0
12,urrp,0
12,omdw,0
12,ukde,0
12,llbg,0
13,lebl,0
13,lirf,0
13,omdb,0
13,eham,0
13,ukbb,0
13,ltfm,0
13,eddm,0
13,haab,0
13,lszh,0
13,epwa,0
13,egll,0
13,lfpg,0
13,lkpr,0
13,gmmx,0
13,gmmn,0
13,zspd,0
13,vhhh,0
13,ugtb,0
13,lcph,0
13,lrop,0
13,ltfj,0
13,ltba,0
13,ller,0
13,kewr,0
13,lgts,0
13,epkk,0
13,lhbp,0
13,loww,0
13,cyyz,0
13,heca,0
13,lime,0
13,ltai,0
13,ubbb,0
13,limc,0
13,lbsf,0
13,omaa,0
13,eblg,0
13,lsgg,0
13,eddb,0
13,lfsb,0
13,lgav,0
13,lfpo,0
13,liph,0
13,ugsb,0
13,edsb,0
13,umms,0
13,lhdc,0
13,kord,0
13,lemd,0
13,ebbr,0
13,katl,0
13,eddf,0
13,uudd,1
13,lukk,0
13,lfll,0
13,limf,0
13,kjfk,0
13,uuee,1
13,eyvi,0
13,eggw,0
13,epmo,0
13,libd,0
13,egkk,0
13,urkk,0
13,eppo,0
13,lclk,0
13,lppt,0
13,udyz,0
13,ukoo,0
13,lbwn,0
13,vtsp,0
13,kmia,0
13,eddp,0
13,obbi,0
13,lirn,0
13,ebci,0
13,klax,0
13,ksfo,0
13,egcc,0
13,fsia,0
13,ukhh,0
13,ulli,1
13,engm,0
13,evra,0
13,uttt,0
13,lfml,0
13,lfmn,0
13,vidp,0
13,ukdd,0
13,kteb,0
13,eddk,0
13,vabb,0
13,vtbs,0
13,lipe,0
13,lmml,0
13,lfls,0
13,ltbj,0
13,efkt,1
13,ojai,0
13,egss,0
13,uaaa,0
13,,0
13,zggg,0
13,uuww,1
13,egkb,0
13,lrcl,0
13,lria,0
13,urrp,0
13,omdw,0
13,ukde,0
13,llbg,0
14,lebl,0
14,lirf,0
14,omdb,0
14,eham,0
14,ukbb,1
14,ltfm,0
14,eddm,0
14,haab,0
14,lszh,0
14,epwa,0
14,egll,0
14,lfpg,0
14,lkpr,0
14,gmmx,0
14,gmmn,0
14,zspd,0
14,vhhh,0
14,ugtb,0
14,lcph,0
14,lrop,0
14,ltfj,0
14,ltba,0
14,ller,0
14,kewr,0
14,lgts,0
14,epkk,0
14,lhbp,0
14,loww,0
14,cyyz,0
14,heca,0
14,lime,0
14,ltai,0
14,ubbb,0
14,limc,0
14,lbsf,0
14,omaa,0
14,eblg,0
14,lsgg,0
14,eddb,0
14,lfsb,0
14,lgav,0
14,lfpo,0
14,liph,0
14,ugsb,0
14,edsb,0
14,umms,0
14,lhdc,0
14,kord,0
14,lemd,0
14,ebbr,0
14,katl,0
14,eddf,0
14,uudd,1
14,lukk,0
14,lfll,0
14,limf,0
14,kjfk,0
14,uuee,1
14,eyvi,0
14,eggw,0
14,epmo,0
14,libd,0
14,egkk,0
14,urkk,0
14,eppo,0
14,lclk,0
14,lppt,0
14,udyz,0
14,ukoo,0
14,lbwn,0
14,vtsp,0
14,kmia,0
14,eddp,0
14,obbi,0
14,lirn,0
14,ebci,0
14,klax,0
14,ksfo,0
14,egcc,0
14,fsia,0
14,ukhh,0
14,ulli,1
14,engm,0
14,evra,0
14,uttt,0
14,lfml,0
14,lfmn,0
14,vidp,0
14,ukdd,0
14,kteb,0
14,eddk,0
14,vabb,0
14,vtbs,0
14,lipe,0
14,lmml,0
14,lfls,0
14,ltbj,0
14,efkt,1
14,ojai,0
14,egss,0
14,uaaa,0
14,,0
14,zggg,0
14,uuww,1
14,egkb,0
14,lrcl,0
14,lria,0
14,urrp,0
14,omdw,0
14,ukde,0
14,llbg,0
15,lebl,0
15,lirf,0
15,omdb,0
15,eham,0
15,ukbb,0
15,ltfm,0
15,eddm,0
15,haab,0
15,lszh,0
15,epwa,0
15,egll,0
15,lfpg,0
15,lkpr,0
15,gmmx,0
15,gmmn,0
15,zspd,0
15,vhhh,0
15,ugtb,0
15,lcph,0
15,lrop,0
15,ltfj,0
15,ltba,0
15,ller,0
15,kewr,0
15,lgts,0
15,epkk,0
15,lhbp,0
15,loww,0
15,cyyz,0
15,heca,0
15,lime,0
15,ltai,0
15,ubbb,0
15,limc,0
15,lbsf,0
15,omaa,0
15,eblg,0
15,lsgg,0
15,eddb,0
15,lfsb,0
15,lgav,0
15,lfpo,0
15,liph,0
15,ugsb,0
15,edsb,0
15,umms,0
15,lhdc,0
15,kord,0
15,lemd,0
15,ebbr,0
15,katl,0
15,eddf,0
15,uudd,0
15,lukk,0
15,lfll,0
15,limf,0
15,kjfk,0
15,uuee,1
15,eyvi,0
15,eggw,0
15,epmo,0
15,libd,0
15,egkk,0
15,urkk,0
15,eppo,0
15,lclk,0
15,lppt,0
15,udyz,0
15,ukoo,0
15,lbwn,0
15,vtsp,0
15,kmia,0
15,eddp,0
15,obbi,0
15,lirn,0
15,ebci,0
15,klax,0
15,ksfo,0
15,egcc,0
15,fsia,0
15,ukhh,0
15,ulli,1
15,engm,0
15,evra,0
15,uttt,0
15,lfml,0
15,lfmn,0
15,vidp,0
15,ukdd,0
15,kteb,0
15,eddk,0
15,vabb,0
15,vtbs,0
15,lipe,0
15,lmml,0
15,lfls,0
15,ltbj,0
15,efkt,1
15,ojai,0
15,egss,0
15,uaaa,0
15,,0
15,zggg,0
15,uuww,1
15,egkb,0
15,lrcl,0
15,lria,0
15,urrp,0
15,omdw,0
15,ukde,0
15,llbg,0
16,lebl,0
16,lirf,0
16,omdb,0
16,eham,0
16,ukbb,0
16,ltfm,0
16,eddm,0
16,haab,0
16,lszh,0
16,epwa,0
16,egll,0
16,lfpg,0
16,lkpr,0
16,gmmx,0
16,gmmn,0
16,zspd,0
16,vhhh,0
16,ugtb,0
16,lcph,0
16,lrop,0
16,ltfj,0
16,ltba,0
16,ller,0
16,kewr,0
16,lgts,0
16,epkk,0
16,lhbp,0
16,loww,0
16,cyyz,0
16,heca,0
16,lime,0
16,ltai,0
16,ubbb,0
16,limc,0
16,lbsf,0
16,omaa,0
16,eblg,0
16,lsgg,0
16,eddb,0
16,lfsb,0
16,lgav,0
16,lfpo,0
16,liph,0
16,ugsb,0
16,edsb,0
16,umms,0
16,lhdc,0
16,kord,0
16,lemd,0
16,ebbr,0
16,katl,0
16,eddf,0
16,uudd,1
16,lukk,0
16,lfll,0
16,limf,0
16,kjfk,0
16,uuee,1
16,eyvi,0
16,eggw,0
16,epmo,0
16,libd,0
16,egkk,0
16,urkk,0
16,eppo,0
16,lclk,0
16,lppt,0
16,udyz,0
16,ukoo,0
16,lbwn,0
16,vtsp,0
16,kmia,0
16,eddp,0
16,obbi,0
16,lirn,0
16,ebci,0
16,klax,0
16,ksfo,0
16,egcc,0
16,fsia,0
16,ukhh,0
16,ulli,0
16,engm,0
16,evra,0
16,uttt,0
16,lfml,0
16,lfmn,0
16,vidp,0
16,ukdd,0
16,kteb,0
16,eddk,0
16,vabb,0
16,vtbs,0
16,lipe,0
16,lmml,0
16,lfls,0
16,ltbj,0
16,efkt,1
16,ojai,0
16,egss,0
16,uaaa,0
16,,0
16,zggg,0
16,uuww,1
16,egkb,0
16,lrcl,0
16,lria,0
16,urrp,0
16,omdw,0
16,ukde,0
16,llbg,0
17,lebl,0
17,lirf,0
17,omdb,0
17,eham,0
17,ukbb,0
17,ltfm,0
17,eddm,0
17,haab,0
17,lszh,0
17,epwa,0
17,egll,0
17,lfpg,0
17,lkpr,0
17,gmmx,0
17,gmmn,0
17,zspd,0
17,vhhh,0
17,ugtb,0
17,lcph,0
17,lrop,0
17,ltfj,0
17,ltba,0
17,ller,0
17,kewr,0
17,lgts,0
17,epkk,0
17,lhbp,0
17,loww,0
17,cyyz,0
17,heca,0
17,lime,0
17,ltai,0
17,ubbb,0
17,limc,0
17,lbsf,0
17,omaa,0
17,eblg,0
17,lsgg,0
17,eddb,0
17,lfsb,0
17,lgav,0
17,lfpo,0
17,liph,0
17,ugsb,0
17,edsb,0
17,umms,0
17,lhdc,0
17,kord,0
17,lemd,0
17,ebbr,0
17,katl,0
17,eddf,0
17,uudd,1
17,lukk,0
17,lfll,0
17,limf,0
17,kjfk,0
17,uuee,1
17,eyvi,0
17,eggw,0
17,epmo,0
17,libd,0
17,egkk,0
17,urkk,0
17,eppo,0
17,lclk,0
17,lppt,0
17,udyz,0
17,ukoo,0
17,lbwn,0
17,vtsp,0
17,kmia,0
17,eddp,0
17,obbi,0
17,lirn,0
17,ebci,0
17,klax,0
17,ksfo,0
17,egcc,0
17,fsia,0
17,ukhh,1
17,ulli,0
17,engm,0
17,evra,0
17,uttt,0
17,lfml,0
17,lfmn,0
17,vidp,0
17,ukdd,0
17,kteb,0
17,eddk,0
17,vabb,0
17,vtbs,0
17,lipe,0
17,lmml,0
17,lfls,0
17,ltbj,0
17,efkt,1
17,ojai,0
17,egss,0
17,uaaa,0
17,,0
17,zggg,0
17,uuww,1
17,egkb,0
17,lrcl,0
17,lria,0
17,urrp,0
17,omdw,0
17,ukde,0
17,llbg,0
18,lebl,0
18,lirf,0
18,omdb,0
18,eham,0
18,ukbb,0
18,ltfm,0
18,eddm,0
18,haab,0
18,lszh,0
18,epwa,0
18,egll,0
18,lfpg,0
18,lkpr,0
18,gmmx,0
18,gmmn,0
18,zspd,0
18,vhhh,0
18,ugtb,0
18,lcph,0
18,lrop,0
18,ltfj,0
18,ltba,0
18,ller,0
18,kewr,0
18,lgts,0
18,epkk,0
18,lhbp,0
18,loww,0
18,cyyz,0
18,heca,0
18,lime,0
18,ltai,0
18,ubbb,0
18,limc,0
18,lbsf,0
18,omaa,0
18,eblg,0
18,lsgg,0
18,eddb,0
18,lfsb,0
18,lgav,0
18,lfpo,0
18,liph,0
18,ugsb,0
18,edsb,0
18,umms,1
18,lhdc,0
18,kord,0
18,lemd,0
18,ebbr,0
18,katl,0
18,eddf,0
18,uudd,0
18,lukk,0
18,lfll,0
18,limf,0
18,kjfk,0
18,uuee,1
18,eyvi,0
18,eggw,0
18,epmo,0
18,libd,0
18,egkk,0
18,urkk,0
18,eppo,0
18,lclk,0
18,lppt,0
18,udyz,0
18,ukoo,1
18,lbwn,0
18,vtsp,0
18,kmia,0
18,eddp,0
18,obbi,0
18,lirn,0
18,ebci,0
18,klax,0
18,ksfo,0
18,egcc,0
18,fsia,0
18,ukhh,0
18,ulli,1
18,engm,0
18,evra,0
18,uttt,0
18,lfml,0
18,lfmn,0
18,vidp,0
18,ukdd,1
18,kteb,0
18,eddk,0
18,vabb,0
18,vtbs,0
18,lipe,0
18,lmml,0
18,lfls,0
18,ltbj,0
18,efkt,1
18,ojai,0
18,egss,0
18,uaaa,0
18,,0
18,zggg,0
18,uuww,1
18,egkb,0
18,lrcl,0
18,lria,0
18,urrp,0
18,omdw,0
18,ukde,0
18,llbg,0
19,lebl,0
19,lirf,0
19,omdb,0
19,eham,0
19,ukbb,1
19,ltfm,0
19,eddm,0
19,haab,0
19,lszh,0
19,epwa,0
19,egll,0
19,lfpg,0
19,lkpr,0
19,gmmx,0
19,gmmn,0
19,zspd,0
19,vhhh,0
19,ugtb,0
19,lcph,0
19,lrop,0
19,ltfj,0
19,ltba,0
19,ller,0
19,kewr,0
19,lgts,0
19,epkk,0
19,lhbp,0
19,loww,0
19,cyyz,0
19,heca,0
19,lime,0
19,ltai,0
19,ubbb,0
19,limc,0
19,lbsf,0
19,omaa,0
19,eblg,0
19,lsgg,0
19,eddb,0
19,lfsb,0
19,lgav,0
19,lfpo,0
19,liph,0
19,ugsb,0
19,edsb,0
19,umms,1
19,lhdc,0
19,kord,0
19,lemd,0
19,ebbr,0
19,katl,0
19,eddf,0
19,uudd,1
19,lukk,0
19,lfll,0
19,limf,0
19,kjfk,0
19,uuee,1
19,eyvi,1
19,eggw,0
19,epmo,0
19,libd,0
19,egkk,0
19,urkk,0
19,eppo,0
19,lclk,0
19,lppt,0
19,udyz,0
19,ukoo,0
19,lbwn,0
19,vtsp,0
19,kmia,0
19,eddp,0
19,obbi,0
19,lirn,0
19,ebci,0
19,klax,0
19,ksfo,0
19,egcc,0
19,fsia,0
19,ukhh,1
19,ulli,1
19,engm,0
19,evra,0
19,uttt,0
19,lfml,0
19,lfmn,0
19,vidp,0
19,ukdd,0
19,kteb,0
19,eddk,0
19,vabb,0
19,vtbs,0
19,lipe,0
19,lmml,0
19,lfls,0
19,ltbj,0
19,efkt,1
19,ojai,0
19,egss,0
19,uaaa,0
19,,0
19,zggg,0
19,uuww,1
19,egkb,0
19,lrcl,0
19,lria,0
19,urrp,0
19,omdw,0
19,ukde,0
19,llbg,0
20,lebl,0
20,lirf,0
20,omdb,0
20,eham,0
20,ukbb,1
20,ltfm,0
20,eddm,0
20,haab,0
20,lszh,0
20,epwa,1
20,egll,0
20,lfpg,0
20,lkpr,0
20,gmmx,0
20,gmmn,0
20,zspd,0
20,vhhh,0
20,ugtb,0
20,lcph,0
20,lrop,1
20,ltfj,0
20,ltba,0
20,ller,0
20,kewr,0
20,lgts,0
20,epkk,1
20,lhbp,0
20,loww,0
20,cyyz,0
20,heca,0
20,lime,0
20,ltai,0
20,ubbb,0
20,limc,0
20,lbsf,0
20,omaa,0
20,eblg,0
20,lsgg,0
20,eddb,0
20,lfsb,0
20,lgav,0
20,lfpo,0
20,liph,0
20,ugsb,0
20,edsb,0
20,umms,1
20,lhdc,0
20,kord,0
20,lemd,0
20,ebbr,0
20,katl,0
20,eddf,0
20,uudd,1
20,lukk,0
20,lfll,0
20,limf,0
20,kjfk,0
20,uuee,1
20,eyvi,1
20,eggw,0
20,epmo,1
20,libd,0
20,egkk,0
20,urkk,0
20,eppo,1
20,lclk,0
20,lppt,0
20,udyz,0
20,ukoo,0
20,lbwn,0
20,vtsp,0
20,kmia,0
20,eddp,0
20,obbi,0
20,lirn,0
20,ebci,0
20,klax,0
20,ksfo,0
20,egcc,0
20,fsia,0
20,ukhh,1
20,ulli,1
20,engm,0
20,evra,1
20,uttt,0
20,lfml,0
20,lfmn,0
20,vidp,0
20,ukdd,1
20,kteb,0
20,eddk,0
20,vabb,0
20,vtbs,0
20,lipe,0
20,lmml,0
20,lfls,0
20,ltbj,0
20,efkt,1
20,ojai,0
20,egss,0
20,uaaa,0
20,,0
20,zggg,0
20,uuww,1
20,egkb,0
20,lrcl,1
20,lria,0
20,urrp,0
20,omdw,0
20,ukde,0
20,llbg,0
21,lebl,0
21,lirf,0
21,omdb,0
21,eham,0
21,ukbb,0
21,ltfm,0
21,eddm,0
21,haab,0
21,lszh,0
21,epwa,1
21,egll,0
21,lfpg,0
21,lkpr,0
21,gmmx,0
21,gmmn,0
21,zspd,0
21,vhhh,0
21,ugtb,0
21,lcph,0
21,lrop,0
21,ltfj,0
21,ltba,0
21,ller,0
21,kewr,0
21,lgts,0
21,epkk,1
21,lhbp,0
21,loww,0
21,cyyz,0
21,heca,0
21,lime,0
21,ltai,0
21,ubbb,0
21,limc,0
21,lbsf,0
21,omaa,0
21,eblg,0
21,lsgg,0
21,eddb,0
21,lfsb,0
21,lgav,0
21,lfpo,0
21,liph,0
21,ugsb,0
21,edsb,0
21,umms,1
21,lhdc,0
21,kord,0
21,lemd,0
21,ebbr,0
21,katl,0
21,eddf,0
21,uudd,1
21,lukk,1
21,lfll,0
21,limf,0
21,kjfk,0
21,uuee,0
21,eyvi,1
21,eggw,0
21,epmo,0
21,libd,0
21,egkk,0
21,urkk,0
21,eppo,0
21,lclk,0
21,lppt,0
21,udyz,0
21,ukoo,1
21,lbwn,0
21,vtsp,0
21,kmia,0
21,eddp,0
21,obbi,0
21,lirn,0
21,ebci,0
21,klax,0
21,ksfo,0
21,egcc,0
21,fsia,0
21,ukhh,1
21,ulli,1
21,engm,0
21,evra,1
21,uttt,0
21,lfml,0
21,lfmn,0
21,vidp,0
21,ukdd,1
21,kteb,0
21,eddk,0
21,vabb,0
21,vtbs,0
21,lipe,0
21,lmml,0
21,lfls,0
21,ltbj,0
21,efkt,0
21,ojai,0
21,egss,0
21,uaaa,0
21,,0
21,zggg,0
21,uuww,0
21,egkb,0
21,lrcl,1
21,lria,1
21,urrp,0
21,omdw,0
21,ukde,1
21,llbg,0
22,lebl,0
22,lirf,0
22,omdb,0
22,eham,0
22,ukbb,0
22,ltfm,1
22,eddm,0
22,haab,0
22,lszh,0
22,epwa,0
22,egll,0
22,lfpg,0
22,lkpr,0
22,gmmx,0
22,gmmn,0
22,zspd,0
22,vhhh,0
22,ugtb,0
22,lcph,0
22,lrop,0
22,ltfj,1
22,ltba,1
22,ller,0
22,kewr,0
22,lgts,0
22,epkk,1
22,lhbp,0
22,loww,0
22,cyyz,1
22,heca,0
22,lime,0
22,ltai,0
22,ubbb,0
22,limc,0
22,lbsf,0
22,omaa,0
22,eblg,0
22,lsgg,0
22,eddb,0
22,lfsb,0
22,lgav,0
22,lfpo,0
22,liph,0
22,ugsb,0
22,edsb,0
22,umms,0
22,lhdc,0
22,kord,0
22,lemd,0
22,ebbr,0
22,katl,0
22,eddf,0
22,uudd,0
22,lukk,0
22,lfll,0
22,limf,0
22,kjfk,0
22,uuee,0
22,eyvi,1
22,eggw,0
22,epmo,0
22,libd,0
22,egkk,0
22,urkk,1
22,eppo,0
22,lclk,0
22,lppt,0
22,udyz,0
22,ukoo,1
22,lbwn,0
22,vtsp,0
22,kmia,0
22,eddp,0
22,obbi,0
22,lirn,0
22,ebci,0
22,klax,0
22,ksfo,0
22,egcc,0
22,fsia,0
22,ukhh,1
22,ulli,1
22,engm,0
22,evra,1
22,uttt,0
22,lfml,0
22,lfmn,0
22,vidp,0
22,ukdd,1
22,kteb,0
22,eddk,0
22,vabb,0
22,vtbs,0
22,lipe,0
22,lmml,0
22,lfls,0
22,ltbj,0
22,efkt,0
22,ojai,0
22,egss,0
22,uaaa,0
22,,0
22,zggg,0
22,uuww,0
22,egkb,0
22,lrcl,1
22,lria,0
22,urrp,0
22,omdw,0
22,ukde,0
22,llbg,0
23,lebl,0
23,lirf,0
23,omdb,0
23,eham,0
23,ukbb,0
23,ltfm,1
23,eddm,0
23,haab,0
23,lszh,0
23,epwa,0
23,egll,0
23,lfpg,0
23,lkpr,0
23,gmmx,0
23,gmmn,0
23,zspd,0
23,vhhh,0
23,ugtb,0
23,lcph,0
23,lrop,0
23,ltfj,1
23,ltba,1
23,ller,0
23,kewr,0
23,lgts,0
23,epkk,0
23,lhbp,0
23,loww,0
23,cyyz,0
23,heca,0
23,lime,0
23,ltai,0
23,ubbb,0
23,limc,0
23,lbsf,0
23,omaa,0
23,eblg,0
23,lsgg,0
23,eddb,0
23,lfsb,0
23,lgav,0
23,lfpo,0
23,liph,0
23,ugsb,1
23,edsb,0
23,umms,0
23,lhdc,0
23,kord,0
23,lemd,0
23,ebbr,0
23,katl,0
23,eddf,0
23,uudd,0
23,lukk,0
23,lfll,0
23,limf,0
23,kjfk,0
23,uuee,0
23,eyvi,0
23,eggw,0
23,epmo,0
23,libd,0
23,egkk,0
23,urkk,1
23,eppo,0
23,lclk,0
23,lppt,0
23,udyz,0
23,ukoo,0
23,lbwn,0
23,vtsp,0
23,kmia,0
23,eddp,0
23,obbi,0
23,lirn,0
23,ebci,0
23,klax,0
23,ksfo,0
23,egcc,0
23,fsia,0
23,ukhh,0
23,ulli,1
23,engm,0
23,evra,1
23,uttt,0
23,lfml,0
23,lfmn,0
23,vidp,0
23,ukdd,1
23,kteb,0
23,eddk,0
23,vabb,0
23,vtbs,0
23,lipe,0
23,lmml,0
23,lfls,0
23,ltbj,0
23,efkt,1
23,ojai,0
23,egss,0
23,uaaa,0
23,,0
23,zggg,0
23,uuww,0
23,egkb,0
23,lrcl,0
23,lria,1
23,urrp,0
23,omdw,0
23,ukde,1
23,llbg,0
24,lebl,0
24,lirf,0
24,omdb,0
24,eham,0
24,ukbb,1
24,ltfm,0
24,eddm,0
24,haab,0
24,lszh,0
24,epwa,0
24,egll,0
24,lfpg,0
24,lkpr,0
24,gmmx,0
24,gmmn,0
24,zspd,0
24,vhhh,0
24,ugtb,0
24,lcph,0
24,lrop,0
24,ltfj,0
24,ltba,0
24,ller,0
24,kewr,0
24,lgts,0
24,epkk,0
24,lhbp,0
24,loww,0
24,cyyz,0
24,heca,0
24,lime,0
24,ltai,0
24,ubbb,0
24,limc,0
24,lbsf,0
24,omaa,0
24,eblg,0
24,lsgg,0
24,eddb,0
24,lfsb,0
24,lgav,0
24,lfpo,0
24,liph,0
24,ugsb,1
24,edsb,0
24,umms,1
24,lhdc,0
24,kord,0
24,lemd,0
24,ebbr,0
24,katl,0
24,eddf,0
24,uudd,0
24,lukk,0
24,lfll,0
24,limf,0
24,kjfk,0
24,uuee,0
24,eyvi,1
24,eggw,0
24,epmo,0
24,libd,0
24,egkk,0
24,urkk,1
24,eppo,0
24,lclk,0
24,lppt,0
24,udyz,0
24,ukoo,1
24,lbwn,0
24,vtsp,0
24,kmia,0
24,eddp,0
24,obbi,0
24,lirn,0
24,ebci,0
24,klax,0
24,ksfo,0
24,egcc,0
24,fsia,0
24,ukhh,1
24,ulli,1
24,engm,0
24,evra,1
24,uttt,0
24,lfml,0
24,lfmn,0
24,vidp,0
24,ukdd,1
24,kteb,0
24,eddk,0
24,vabb,0
24,vtbs,0
24,lipe,0
24,lmml,0
24,lfls,0
24,ltbj,0
24,efkt,1
24,ojai,0
24,egss,0
24,uaaa,0
24,,0
24,zggg,0
24,uuww,1
24,egkb,0
24,lrcl,0
24,lria,0
24,urrp,0
24,omdw,0
24,ukde,1
24,llbg,0
25,lebl,0
25,lirf,0
25,omdb,0
25,eham,0
25,ukbb,0
25,ltfm,0
25,eddm,0
25,haab,0
25,lszh,0
25,epwa,0
25,egll,0
25,lfpg,0
25,lkpr,0
25,gmmx,0
25,gmmn,0
25,zspd,0
25,vhhh,0
25,ugtb,0
25,lcph,0
25,lrop,0
25,ltfj,0
25,ltba,0
25,ller,0
25,kewr,0
25,lgts,0
25,epkk,0
25,lhbp,0
25,loww,0
25,cyyz,0
25,heca,0
25,lime,0
25,ltai,0
25,ubbb,0
25,limc,0
25,lbsf,0
25,omaa,0
25,eblg,0
25,lsgg,0
25,eddb,0
25,lfsb,0
25,lgav,0
25,lfpo,0
25,liph,0
25,ugsb,0
25,edsb,0
25,umms,1
25,lhdc,0
25,kord,0
25,lemd,0
25,ebbr,0
25,katl,0
25,eddf,0
25,uudd,1
25,lukk,0
25,lfll,0
25,limf,0
25,kjfk,0
25,uuee,1
25,eyvi,0
25,eggw,0
25,epmo,0
25,libd,0
25,egkk,0
25,urkk,0
25,eppo,0
25,lclk,0
25,lppt,0
25,udyz,0
25,ukoo,0
25,lbwn,0
25,vtsp,0
25,kmia,0
25,eddp,0
25,obbi,0
25,lirn,0
25,ebci,0
25,klax,0
25,ksfo,0
25,egcc,0
25,fsia,0
25,ukhh,1
25,ulli,1
25,engm,0
25,evra,1
25,uttt,0
25,lfml,0
25,lfmn,0
25,vidp,0
25,ukdd,1
25,kteb,0
25,eddk,0
25,vabb,0
25,vtbs,0
25,lipe,0
25,lmml,0
25,lfls,0
25,ltbj,0
25,efkt,1
25,ojai,0
25,egss,0
25,uaaa,0
25,,0
25,zggg,0
25,uuww,1
25,egkb,0
25,lrcl,0
25,lria,0
25,urrp,0
25,omdw,0
25,ukde,1
25,llbg,0
26,lebl,0
26,lirf,0
26,omdb,0
26,eham,0
26,ukbb,0
26,ltfm,0
26,eddm,0
26,haab,0
26,lszh,0
26,epwa,0
26,egll,0
26,lfpg,0
26,lkpr,0
26,gmmx,0
26,gmmn,0
26,zspd,0
26,vhhh,0
26,ugtb,0
26,lcph,0
26,lrop,0
26,ltfj,0
26,ltba,0
26,ller,0
26,kewr,0
26,lgts,0
26,epkk,0
26,lhbp,0
26,loww,0
26,cyyz,0
26,heca,0
26,lime,0
26,ltai,0
26,ubbb,0
26,limc,0
26,lbsf,0
26,omaa,0
26,eblg,0
26,lsgg,0
26,eddb,0
26,lfsb,0
26,lgav,0
26,lfpo,0
26,liph,0
26,ugsb,0
26,edsb,0
26,umms,1
26,lhdc,0
26,kord,0
26,lemd,0
26,ebbr,0
26,katl,0
26,eddf,0
26,uudd,1
26,lukk,0
26,lfll,0
26,limf,0
26,kjfk,0
26,uuee,1
26,eyvi,1
26,eggw,0
26,epmo,0
26,libd,0
26,egkk,0
26,urkk,0
26,eppo,0
26,lclk,0
26,lppt,0
26,udyz,0
26,ukoo,1
26,lbwn,0
26,vtsp,0
26,kmia,0
26,eddp,0
26,obbi,0
26,lirn,0
26,ebci,0
26,klax,0
26,ksfo,0
26,egcc,0
26,fsia,0
26,ukhh,0
26,ulli,0
26,engm,0
26,evra,1
26,uttt,1
26,lfml,0
26,lfmn,0
26,vidp,0
26,ukdd,1
26,kteb,0
26,eddk,0
26,vabb,0
26,vtbs,0
26,lipe,0
26,lmml,0
26,lfls,0
26,ltbj,0
26,efkt,1
26,ojai,0
26,egss,0
26,uaaa,0
26,,0
26,zggg,0
26,uuww,1
26,egkb,0
26,lrcl,0
26,lria,0
26,urrp,0
26,omdw,0
26,ukde,1
26,llbg,0
27,lebl,0
27,lirf,0
27,omdb,0
27,eham,0
27,ukbb,0
27,ltfm,0
27,eddm,0
27,haab,0
27,lszh,0
27,epwa,0
27,egll,0
27,lfpg,0
27,lkpr,0
27,gmmx,0
27,gmmn,0
27,zspd,0
27,vhhh,0
27,ugtb,0
27,lcph,0
27,lrop,0
27,ltfj,0
27,ltba,0
27,ller,0
27,kewr,0
27,lgts,0
27,epkk,0
27,lhbp,0
27,loww,0
27,cyyz,0
27,heca,0
27,lime,0
27,ltai,0
27,ubbb,0
27,limc,0
27,lbsf,0
27,omaa,0
27,eblg,0
27,lsgg,0
27,eddb,0
27,lfsb,0
27,lgav,0
27,lfpo,0
27,liph,0
27,ugsb,0
27,edsb,0
27,umms,0
27,lhdc,0
27,kord,0
27,lemd,0
27,ebbr,0
27,katl,0
27,eddf,0
27,uudd,0
27,lukk,0
27,lfll,0
27,limf,0
27,kjfk,0
27,uuee,0
27,eyvi,0
27,eggw,0
27,epmo,0
27,libd,0
27,egkk,0
27,urkk,0
27,eppo,0
27,lclk,0
27,lppt,0
27,udyz,0
27,ukoo,1
27,lbwn,0
27,vtsp,0
27,kmia,0
27,eddp,0
27,obbi,0
27,lirn,0
27,ebci,0
27,klax,0
27,ksfo,0
27,egcc,0
27,fsia,0
27,ukhh,0
27,ulli,1
27,engm,0
27,evra,0
27,uttt,0
27,lfml,0
27,lfmn,0
27,vidp,0
27,ukdd,0
27,kteb,0
27,eddk,0
27,vabb,0
27,vtbs,0
27,lipe,0
27,lmml,0
27,lfls,0
27,ltbj,0
27,efkt,1
27,ojai,0
27,egss,0
27,uaaa,1
27,,0
27,zggg,0
27,uuww,1
27,egkb,0
27,lrcl,0
27,lria,0
27,urrp,0
27,omdw,0
27,ukde,0
27,llbg,0
